Simplified.Category,avg_margin
Bags,0.16568504221551283
Belts,0.16582407552735223
Shoes,0.15953264082400198
Jewelry,0.16474614343729713
Hats,0.14776554635804479
Keychains,0.14419981212238386
Neckties,0.1586741489574459
Outerwear,0.14321993137347028
Sunglasses,0.1620400758482108
Suspenders,0.1735845786088574
Wallets,0.15978305922325783
Umbrellas,0.15357011812678084
Watches,0.15307537724699452
